Subreddit,Created_At,Subscribers,Description,Number of Posts Extracted
meme,2008-05-27 03:09:29,2679868,r/meme is a place to share memes. We're fairly liberal but do have a few rules on what can and cannot be shared.,913
memes,2008-07-05 13:51:13,35290160,"Memes!

A way of describing cultural information being shared.
An element of a culture or system of behavior that may be considered to be passed from one individual to another by nongenetic means, especially imitation.",529
dankmemes,2014-01-03 08:19:03,5909692,D A N K,790
HistoryMemes,2012-09-17 18:57:42,12319006,A place for history memes about events over 20 years ago.,800
dank_meme,2014-12-16 09:52:21,797885,Dank Memes,959
PoliticalHumour,2013-04-28 01:25:09,4583,,964
wholesomemes,2016-09-23 12:51:15,703082,Wholesome memes to brighten your day,885
ProgrammerHumour,2012-12-13 23:15:40,8965,A vibrant community that exists for the sole and beautiful reason of redirecting people to r/ProgrammerHum**o**r,403
terriblefacebookmemes,2012-02-11 00:21:21,2196017,Community for all those terrible memes your uncle posts on facebook,602
surrealmemes,2016-01-19 16:10:10,905188,"If youâ€™re reading this, youâ€™re already dead.",697
wholesomememes,2016-09-18 02:19:29,18137742,Welcome to the wholesome side of the internet! This community is for those searching for a way to capture virtue on the internet.,372
antimeme,2012-02-08 23:08:28,982234,"Memes where the punchline has been removed, but itâ€™s still funny because you know something is missing.
 Our Discord Server: https://discord.gg/6wBfj64qz8",902
RelationshipMemes,2015-10-20 15:29:38,3518519,"ðŸ’• The home of fun, relatable, funny, cute, and positive memes that celebrate happy, healthy relationships of many kinds ðŸ’•",808
Animememes,2012-01-12 02:51:04,2094317,"An anime meme subreddit that's friendly for women, queer people, and generally marginalized anime fans who want a break from how toxic anime spaces usually are. Of course, anyone is welcome, but be respectful to the intention of the space. Also consider joining us on discord! https://discord.gg/q2RvktvF",853
